756767,2640,2.13
756767,2640,2.13
756767,2640,2.13
756767,2640,2.13
756767,2640,2.13
756767,2640,2.13
756767,2640,2.13
756767,2640,2.13
756767,2640,2.13
756767,2640,2.13
756767,2640,2.13
756767,2640,2.13
756767,2640,2.13
756767,2640,2.13
756767,2640,2.13
756767,2640,2.13
756767,2640,2.13
756767,2640,2.13
756767,2640,2.13
756767,2640,2.13
756767,2640,2.13
756767,2640,2.13
756767,2640,2.13
756767,2640,2.13
756767,2640,2.13
756767,2640,2.13
756767,2640,2.13
756767,2640,2.13
756767,2640,2.13
756767,2640,2.13
756767,2640,2.13
756767,2640,2.13
756767,2640,2.13
756767,2640,2.13
756767,2640,2.13
756767,2640,2.13
756767,2640,2.13
756767,2640,2.13
756767,2640,2.13
756767,2640,2.13
756767,2640,2.13
756767,2640,2.13
756767,2640,2.13
756767,2640,2.13
756767,2640,2.13
756767,2640,2.13
756767,2640,2.13
756767,2640,2.13
756767,2640,2.13
756767,2640,2.13
756767,2640,2.13
756767,2640,2.13
756767,2640,2.13
756767,2640,2.13
756767,2640,2.13
756767,2640,2.13
756767,2640,2.13
756767,2640,2.13
756767,2640,2.13
756767,2640,2.13
756767,2640,2.13
756767,2640,2.13
756767,2640,2.13
756767,2640,2.13
756767,2640,2.13
756767,2640,2.13
756767,2640,2.13
756767,2640,2.13
756767,2640,2.13
756767,2640,2.13
756767,2640,2.13
756767,2640,2.13
756767,2640,2.13
756767,2640,2.13
756767,2640,2.13
756767,2640,2.13
756767,2640,2.13
756767,2640,2.13
756767,2640,2.13
756767,2640,2.13
756767,2640,2.13
756767,2640,2.13
756767,2640,2.13
756767,2640,2.13
756767,2640,2.13
756767,2640,2.13
756767,2640,2.13
756767,2640,2.13
756767,2640,2.13
756767,2640,2.13
756767,2640,2.13
756767,2640,2.13
756767,2640,2.13
756767,2640,2.13
756767,2640,2.13
756767,2640,2.13
756767,2640,2.13
756767,2640,2.13
756767,2640,2.13
756767,2640,2.13
756767,2640,2.13
756767,2640,2.13
756767,2640,2.13
756767,2640,2.13
756767,2640,2.13
756767,2640,2.13
756767,2640,2.13
756767,2640,2.13
756767,2640,2.13
756767,2640,2.13
756767,2640,2.13
756767,2640,2.13
756767,2640,2.13
756767,2640,2.13
756767,2640,2.13
756767,2640,2.13
756767,2640,2.13
756767,2640,2.13
756767,2640,2.13
756767,2640,2.13
756767,2640,2.13
756767,2640,2.13
756767,2640,2.13
756767,2640,2.13
756767,2640,2.13
756767,2640,2.13
756767,2640,2.13
756767,2640,2.13
756767,2640,2.13
756767,2640,2.13
756767,2640,2.13
756767,2640,2.13
756767,2640,2.13
756767,2640,2.13
756767,2640,2.13
756767,2640,2.13
756767,2640,2.13
756767,2640,2.13
756767,2640,2.13
756767,2640,2.13
756767,2640,2.13
756767,2640,2.13
756767,2640,2.13
756767,2640,2.13
756767,2640,2.13
756767,2640,2.13
756767,2640,2.13
756767,2640,2.13
756767,2640,2.13
756767,2640,2.13
756767,2640,2.13
756767,2640,2.13
756767,2640,2.13
756767,2640,2.13
756767,2640,2.13
756767,2640,2.13
756767,2640,2.13
756767,2640,2.13
756767,2640,2.13
756767,2640,2.13
756767,2640,2.13
756767,2640,2.13
756767,2640,2.13
756767,2640,2.13
756767,2640,2.13
756767,2640,2.13
756767,2640,2.13
756767,2640,2.13
756767,2640,2.13
756767,2640,2.13
756767,2640,2.13
756767,2640,2.13
756767,2640,2.13
756767,2640,2.13
756767,2640,2.13
756767,2640,2.13
756767,2640,2.13
756767,2640,2.13
756767,2640,2.13
756767,2640,2.13
756767,2640,2.13
756767,2640,2.13
756767,2640,2.13
756767,2640,2.13
756767,2640,2.13
756767,2640,2.13
756767,2640,2.13
756767,2640,2.13
756767,2640,2.13
756767,2640,2.13
756767,2640,2.13
756767,2640,2.13
756767,2640,2.13
756767,2640,2.13
756767,2640,2.13
756767,2640,2.13
756767,2640,2.13
756767,2640,2.13
756767,2640,2.13
756767,2640,2.13
756767,2640,2.13
756767,2640,2.13
756767,2640,2.13
756767,2640,2.13
756767,2640,2.13
756767,2640,2.13
756767,2640,2.13
756767,2640,2.13
756767,2640,2.13
756767,2640,2.13
756767,2640,2.13
756767,2640,2.13
756767,2640,2.13
756767,2640,2.13
756767,2640,2.13
756767,2640,2.13
756767,2640,2.13
756767,2640,2.13
756767,2640,2.13
756767,2640,2.13
756767,2640,2.13
756767,2640,2.13
756767,2640,2.13
756767,2640,2.13
756767,2640,2.13
756767,2640,2.13
756767,2640,2.13
756767,2640,2.13
756767,2640,2.13
756767,2640,2.13
756767,2640,2.13
756767,2640,2.13
756767,2640,2.13
756767,2640,2.13
756767,2640,2.13
756767,2640,2.13
756767,2640,2.13
756767,2640,2.13
756767,2640,2.13
756767,2640,2.13
756767,2640,2.13
756767,2640,2.13
756767,2640,2.13
756767,2640,2.13
756767,2640,2.13
756767,2640,2.13
756767,2640,2.13
756767,2640,2.13
756767,2640,2.13
756767,2640,2.13
756767,2640,2.13
756767,2640,2.13
756767,2640,2.13
756767,2640,2.13
756767,2640,2.13
756767,2640,2.13
756767,2640,2.13
756767,2640,2.13
756767,2640,2.13
756767,2640,2.13
756767,2640,2.13
756767,2640,2.13
756767,2640,2.13
756767,2640,2.13
756767,2640,2.13
756767,2640,2.13
756767,2640,2.13
756767,2640,2.13
756767,2640,2.13
756767,2640,2.13
756767,2640,2.13
756767,2640,2.13
756767,2640,2.13
756767,2640,2.13
756767,2640,2.13
756767,2640,2.13
756767,2640,2.13
756767,2640,2.13
756767,2640,2.13
756767,2640,2.13
756767,2640,2.13
756767,2640,2.13
756767,2640,2.13
756767,2640,2.13
756767,2640,2.13
756767,2640,2.13
756767,2640,2.13
756767,2640,2.13
756767,2640,2.13
756767,2640,2.13
756767,2640,2.13
756767,2640,2.13
756767,2640,2.13
756767,2640,2.13
756767,2640,2.13
756767,2640,2.13
756767,2640,2.13
756767,2640,2.13
756767,2640,2.13
756767,2640,2.13
756767,2640,2.13
756767,2640,2.13
756767,2640,2.13
756767,2640,2.13
756767,2640,2.13
756767,2640,2.13
756767,2640,2.13
756767,2640,2.13
756767,2640,2.13
756767,2640,2.13
756767,2640,2.13
756767,2640,2.13
756767,2640,2.13
756767,2640,2.13
756767,2640,2.13
756767,2640,2.13
756767,2640,2.13
756767,2640,2.13
756767,2640,2.13
756767,2640,2.13
756767,2640,2.13
756767,2640,2.13
756767,2640,2.13
756767,2640,2.13
756767,2640,2.13
756767,2640,2.13
756767,2640,2.13
756767,2640,2.13
756767,2640,2.13
756767,2640,2.13
756767,2640,2.13
756767,2640,2.13
756767,2640,2.13
756767,2640,2.13
756767,2640,2.13
756767,2640,2.13
756767,2640,2.13
756767,2640,2.13
756767,2640,2.13
756767,2640,2.13
756767,2640,2.13
756767,2640,2.13
756767,2640,2.13
756767,2640,2.13
756767,2640,2.13
756767,2640,2.13
756767,2640,2.13
756767,2640,2.13
756767,2640,2.13
756767,2640,2.13
756767,2640,2.13
756767,2640,2.13
756767,2640,2.13
756767,2640,2.13
756767,2640,2.13
756767,2640,2.13
756767,2640,2.13
756767,2640,2.13
756767,2640,2.13
756767,2640,2.13
756767,2640,2.13
756767,2640,2.13
756767,2640,2.13
756767,2640,2.13
756767,2640,2.13
756767,2640,2.13
756767,2640,2.13
756767,2640,2.13
756767,2640,2.13
756767,2640,2.13
756767,2640,2.13
756767,2640,2.13
756767,2640,2.13
756767,2640,2.13
756767,2640,2.13
756767,2640,2.13
756767,2640,2.13
756767,2640,2.13
756767,2640,2.13
756767,2640,2.13
756767,2640,2.13
756767,2640,2.13
756767,2640,2.13
756767,2640,2.13
756767,2640,2.13
756767,2640,2.13
756767,2640,2.13
756767,2640,2.13
756767,2640,2.13
756767,2640,2.13
756767,2640,2.13
756767,2640,2.13
756767,2640,2.13
756767,2640,2.13
756767,2640,2.13
756767,2640,2.13
756767,2640,2.13
756767,2640,2.13
756767,2640,2.13
756767,2640,2.13
756767,2640,2.13
756767,2640,2.13
756767,2640,2.13
756767,2640,2.13
756767,2640,2.13
756767,2640,2.13
756767,2640,2.13
756767,2640,2.13
756767,2640,2.13
756767,2640,2.13
756767,2640,2.13
756767,2640,2.13
756767,2640,2.13
756767,2640,2.13
756767,2640,2.13
756767,2640,2.13
756767,2640,2.13
756767,2640,2.13
756767,2640,2.13
756767,2640,2.13
756767,2640,2.13
756767,2640,2.13
756767,2640,2.13
756767,2640,2.13
756767,2640,2.13
756767,2640,2.13
756767,2640,2.13
756767,2640,2.13
756767,2640,2.13
756767,2640,2.13
756767,2640,2.13
756767,2640,2.13
756767,2640,2.13
756767,2640,2.13
756767,2640,2.13
756767,2640,2.13
756767,2640,2.13
756767,2640,2.13
756767,2640,2.13
756767,2640,2.13
756767,2640,2.13
756767,2640,2.13
756767,2640,2.13
756767,2640,2.13
756767,2640,2.13
756767,2640,2.13
756767,2640,2.13
756767,2640,2.13
756767,2640,2.13
756767,2640,2.13
756767,2640,2.13
756767,2640,2.13
756767,2640,2.13
756767,2640,2.13
756767,2640,2.13
756767,2640,2.13
756767,2640,2.13
756767,2640,2.13
756767,2640,2.13
756767,2640,2.13
756767,2640,2.13
756767,2640,2.13
756767,2640,2.13
756767,2640,2.13
756767,2640,2.13
756767,2640,2.13
756767,2640,2.13
756767,2640,2.13
756767,2640,2.13
756767,2640,2.13
756767,2640,2.13
756767,2640,2.13
756767,2640,2.13
756767,2640,2.13
756767,2640,2.13
756767,2640,2.13
756767,2640,2.13
756767,2640,2.13
756767,2640,2.13
756767,2640,2.13
756767,2640,2.13
756767,2640,2.13
756767,2640,2.13
756767,2640,2.13
756767,2640,2.13
756767,2640,2.13
756767,2640,2.13
756767,2640,2.13
756767,2640,2.13
756767,2640,2.13
756767,2640,2.13
756767,2640,2.13
756767,2640,2.13
756767,2640,2.13
756767,2640,2.13
756767,2640,2.13
756767,2640,2.13
756767,2640,2.13
756767,2640,2.13
756767,2640,2.13
756767,2640,2.13
756767,2640,2.13
756767,2640,2.13
756767,2640,2.13
756767,2640,2.13
756767,2640,2.13
756767,2640,2.13
756767,2640,2.13
756767,2640,2.13
756767,2640,2.13
756767,2640,2.13
756767,2640,2.13
756767,2640,2.13
756767,2640,2.13
756767,2640,2.13
756767,2640,2.13
756767,2640,2.13
756767,2640,2.13
756767,2640,2.13
756767,2640,2.13
756767,2640,2.13
756767,2640,2.13
756767,2640,2.13
756767,2640,2.13
756767,2640,2.13
756767,2640,2.13
756767,2640,2.13
756767,2640,2.13
756767,2640,2.13
756767,2640,2.13
756767,2640,2.13
756767,2640,2.13
756767,2640,2.13
756767,2640,2.13
756767,2640,2.13
756767,2640,2.13
756767,2640,2.13
756767,2640,2.13
756767,2640,2.13
756767,2640,2.13
756767,2640,2.13
756767,2640,2.13
756767,2640,2.13
756767,2640,2.13
756767,2640,2.13
756767,2640,2.13
756767,2640,2.13
756767,2640,2.13
756767,2640,2.13
756767,2640,2.13
756767,2640,2.13
756767,2640,2.13
756767,2640,2.13
756767,2640,2.13
756767,2640,2.13
756767,2640,2.13
756767,2640,2.13
756767,2640,2.13
756767,2640,2.13
756767,2640,2.13
756767,2640,2.13
756767,2640,2.13
756767,2640,2.13
756767,2640,2.13
756767,2640,2.13
756767,2640,2.13
756767,2640,2.13
756767,2640,2.13
756767,2640,2.13
756767,2640,2.13
756767,2640,2.13
756767,2640,2.13
756767,2640,2.13
756767,2640,2.13
756767,2640,2.13
756767,2640,2.13
756767,2640,2.13
756767,2640,2.13
756767,2640,2.13
756767,2640,2.13
756767,2640,2.13
756767,2640,2.13
756767,2640,2.13
756767,2640,2.13
756767,2640,2.13
756767,2640,2.13
756767,2640,2.13
756767,2640,2.13
756767,2640,2.13
756767,2640,2.13
756767,2640,2.13
756767,2640,2.13
756767,2640,2.13
756767,2640,2.13
756767,2640,2.13
756767,2640,2.13
756767,2640,2.13
756767,2640,2.13
756767,2640,2.13
756767,2640,2.13
756767,2640,2.13
756767,2640,2.13
756767,2640,2.13
756767,2640,2.13
756767,2640,2.13
756767,2640,2.13
756767,2640,2.13
756767,2640,2.13
756767,2640,2.13
756767,2640,2.13
756767,2640,2.13
756767,2640,2.13
756767,2640,2.13
756767,2640,2.13
756767,2640,2.13
756767,2640,2.13
756767,2640,2.13
756767,2640,2.13
756767,2640,2.13
756767,2640,2.13
756767,2640,2.13
756767,2640,2.13
756767,2640,2.13
756767,2640,2.13
756767,2640,2.13
756767,2640,2.13
756767,2640,2.13
756767,2640,2.13
756767,2640,2.13
756767,2640,2.13
756767,2640,2.13
756767,2640,2.13
756767,2640,2.13
756767,2640,2.13
756767,2640,2.13
756767,2640,2.13
756767,2640,2.13
756767,2640,2.13
756767,2640,2.13
756767,2640,2.13
756767,2640,2.13
756767,2640,2.13
756767,2640,2.13
756767,2640,2.13
756767,2640,2.13
756767,2640,2.13
756767,2640,2.13
756767,2640,2.13
756767,2640,2.13
756767,2640,2.13
756767,2640,2.13
756767,2640,2.13
756767,2640,2.13
756767,2640,2.13
756767,2640,2.13
756767,2640,2.13
756767,2640,2.13
756767,2640,2.13
756767,2640,2.13
756767,2640,2.13
756767,2640,2.13
756767,2640,2.13
756767,2640,2.13
756767,2640,2.13
756767,2640,2.13
756767,2640,2.13
756767,2640,2.13
756767,2640,2.13
756767,2640,2.13
756767,2640,2.13
756767,2640,2.13
756767,2640,2.13
756767,2640,2.13
756767,2640,2.13
756767,2640,2.13
756767,2640,2.13
756767,2640,2.13
756767,2640,2.13
756767,2640,2.13
756767,2640,2.13
756767,2640,2.13
756767,2640,2.13
756767,2640,2.13
756767,2640,2.13
756767,2640,2.13
756767,2640,2.13
756767,2640,2.13
756767,2640,2.13
756767,2640,2.13
756767,2640,2.13
756767,2640,2.13
756767,2640,2.13
756767,2640,2.13
756767,2640,2.13
756767,2640,2.13
756767,2640,2.13
756767,2640,2.13
756767,2640,2.13
756767,2640,2.13
756767,2640,2.13
756767,2640,2.13
756767,2640,2.13
756767,2640,2.13
756767,2640,2.13
756767,2640,2.13
756767,2640,2.13
756767,2640,2.13
756767,2640,2.13
756767,2640,2.13
756767,2640,2.13
756767,2640,2.13
756767,2640,2.13
756767,2640,2.13
756767,2640,2.13
756767,2640,2.13
756767,2640,2.13
756767,2640,2.13
756767,2640,2.13
756767,2640,2.13
756767,2640,2.13
756767,2640,2.13
756767,2640,2.13
756767,2640,2.13
756767,2640,2.13
756767,2640,2.13
756767,2640,2.13
756767,2640,2.13
756767,2640,2.13
756767,2640,2.13
756767,2640,2.13
756767,2640,2.13
756767,2640,2.13
756767,2640,2.13
756767,2640,2.13
756767,2640,2.13
756767,2640,2.13
756767,2640,2.13
756767,2640,2.13
756767,2640,2.13
756767,2640,2.13
756767,2640,2.13
756767,2640,2.13
756767,2640,2.13
756767,2640,2.13
756767,2640,2.13
756767,2640,2.13
756767,2640,2.13
756767,2640,2.13
756767,2640,2.13
756767,2640,2.13
756767,2640,2.13
756767,2640,2.13
756767,2640,2.13
756767,2640,2.13
756767,2640,2.13
756767,2640,2.13
756767,2640,2.13
756767,2640,2.13
756767,2640,2.13
756767,2640,2.13
756767,2640,2.13
756767,2640,2.13
756767,2640,2.13
756767,2640,2.13
756767,2640,2.13
756767,2640,2.13
756767,2640,2.13
756767,2640,2.13
756767,2640,2.13
756767,2640,2.13
756767,2640,2.13
756767,2640,2.13
756767,2640,2.13
756767,2640,2.13
756767,2640,2.13
756767,2640,2.13
756767,2640,2.13
756767,2640,2.13
756767,2640,2.13
756767,2640,2.13
756767,2640,2.13
756767,2640,2.13
756767,2640,2.13
756767,2640,2.13
756767,2640,2.13
756767,2640,2.13
756767,2640,2.13
756767,2640,2.13
756767,2640,2.13
756767,2640,2.13
756767,2640,2.13
756767,2640,2.13
756767,2640,2.13
756767,2640,2.13
756767,2640,2.13
756767,2640,2.13
756767,2640,2.13
756767,2640,2.13
756767,2640,2.13
756767,2640,2.13
756767,2640,2.13
756767,2640,2.13
756767,2640,2.13
756767,2640,2.13
756767,2640,2.13
756767,2640,2.13
756767,2640,2.13
756767,2640,2.13
756767,2640,2.13
756767,2640,2.13
756767,2640,2.13
756767,2640,2.13
756767,2640,2.13
756767,2640,2.13
756767,2640,2.13
756767,2640,2.13
756767,2640,2.13
756767,2640,2.13
756767,2640,2.13
756767,2640,2.13
756767,2640,2.13
756767,2640,2.13
756767,2640,2.13
756767,2640,2.13
756767,2640,2.13
756767,2640,2.13
756767,2640,2.13
756767,2640,2.13
756767,2640,2.13
756767,2640,2.13
756767,2640,2.13
756767,2640,2.13
756767,2640,2.13
756767,2640,2.13
756767,2640,2.13
756767,2640,2.13
756767,2640,2.13
756767,2640,2.13
756767,2640,2.13
756767,2640,2.13
756767,2640,2.13
756767,2640,2.13
756767,2640,2.13
756767,2640,2.13
756767,2640,2.13
756767,2640,2.13
756767,2640,2.13
756767,2640,2.13
756767,2640,2.13
756767,2640,2.13
756767,2640,2.13
756767,2640,2.13
756767,2640,2.13
756767,2640,2.13
756767,2640,2.13
756767,2640,2.13
756767,2640,2.13
756767,2640,2.13
756767,2640,2.13
756767,2640,2.13
756767,2640,2.13
756767,2640,2.13
756767,2640,2.13
756767,2640,2.13
756767,2640,2.13
756767,2640,2.13
756767,2640,2.13
756767,2640,2.13
756767,2640,2.13
756767,2640,2.13
756767,2640,2.13
756767,2640,2.13
756767,2640,2.13
756767,2640,2.13
756767,2640,2.13
756767,2640,2.13
756767,2640,2.13
756767,2640,2.13
756767,2640,2.13
756767,2640,2.13
756767,2640,2.13
756767,2640,2.13
756767,2640,2.13
756767,2640,2.13
756767,2640,2.13
756767,2640,2.13
756767,2640,2.13
756767,2640,2.13
756767,2640,2.13
756767,2640,2.13
756767,2640,2.13
756767,2640,2.13
756767,2640,2.13
756767,2640,2.13
756767,2640,2.13
756767,2640,2.13
756767,2640,2.13
756767,2640,2.13
756767,2640,2.13
756767,2640,2.13
756767,2640,2.13
756767,2640,2.13
756767,2640,2.13
756767,2640,2.13
756767,2640,2.13
756767,2640,2.13
756767,2640,2.13
756767,2640,2.13
756767,2640,2.13
756767,2640,2.13
756767,2640,2.13
756767,2640,2.13
756767,2640,2.13
756767,2640,2.13
756767,2640,2.13
756767,2640,2.13
756767,2640,2.13
756767,2640,2.13
756767,2640,2.13
756767,2640,2.13
756767,2640,2.13
756767,2640,2.13
756767,2640,2.13
756767,2640,2.13
756767,2640,2.13
756767,2640,2.13
756767,2640,2.13
756767,2640,2.13
756767,2640,2.13
756767,2640,2.13
756767,2640,2.13
756767,2640,2.13
756767,2640,2.13
756767,2640,2.13
756767,2640,2.13
756767,2640,2.13
756767,2640,2.13
756767,2640,2.13
756767,2640,2.13
756767,2640,2.13
756767,2640,2.13
756767,2640,2.13
756767,2640,2.13
756767,2640,2.13
756767,2640,2.13
756767,2640,2.13
756767,2640,2.13
756767,2640,2.13
756767,2640,2.13
756767,2640,2.13
756767,2640,2.13
756767,2640,2.13
756767,2640,2.13
756767,2640,2.13
756767,2640,2.13
756767,2640,2.13
756767,2640,2.13
756767,2640,2.13
756767,2640,2.13
756767,2640,2.13
756767,2640,2.13
756767,2640,2.13
756767,2640,2.13
756767,2640,2.13
757768,2473,1.99
758769,2647,2.13
759770,2639,2.13
760771,2641,2.13
761772,2650,2.14
762773,2654,2.14
763774,2669,2.15
764775,2633,2.12
765776,2672,2.15
766777,2645,2.13
767778,2641,2.13
768779,2637,2.13
769780,2626,2.12
770781,2637,2.13
771782,2650,2.14
772783,2635,2.12
773784,2606,2.10
774785,2638,2.13
775786,2682,2.16
776787,2662,2.15
777788,2670,2.15
778789,2670,2.15
779790,2651,2.14
780791,2625,2.12
781792,2618,2.11
782793,2655,2.14
783794,2544,2.05
784795,2659,2.14
785796,2658,2.14
786797,2606,2.10
787798,2516,2.03
788799,2640,2.13
789800,2656,2.14
790801,2609,2.10
791802,2662,2.15
792803,2634,2.12
793804,2630,2.12
794805,2644,2.13
795806,2650,2.14
796807,2672,2.15
797808,2670,2.15
798809,2628,2.12
799810,2654,2.14
800811,2629,2.12
801812,2674,2.15
802813,2654,2.14
803814,2624,2.11
804815,2643,2.13
