842853,949,0.76
842853,949,0.76
842853,949,0.76
842853,949,0.76
842853,949,0.76
842853,949,0.76
842853,949,0.76
842853,949,0.76
842853,949,0.76
842853,949,0.76
842853,949,0.76
842853,949,0.76
842853,949,0.76
842853,949,0.76
842853,949,0.76
842853,949,0.76
842853,949,0.76
842853,949,0.76
842853,949,0.76
842853,949,0.76
842853,949,0.76
842853,949,0.76
842853,949,0.76
842853,949,0.76
842853,949,0.76
842853,949,0.76
842853,949,0.76
842853,949,0.76
842853,949,0.76
842853,949,0.76
842853,949,0.76
842853,949,0.76
842853,949,0.76
842853,949,0.76
842853,949,0.76
842853,949,0.76
842853,949,0.76
842853,949,0.76
842853,949,0.76
842853,949,0.76
842853,949,0.76
842853,949,0.76
842853,949,0.76
842853,949,0.76
842853,949,0.76
842853,949,0.76
842853,949,0.76
842853,949,0.76
842853,949,0.76
842853,949,0.76
842853,949,0.76
842853,949,0.76
842853,949,0.76
842853,949,0.76
842853,949,0.76
842853,949,0.76
842853,949,0.76
842853,949,0.76
842853,949,0.76
842853,949,0.76
842853,949,0.76
842853,949,0.76
842853,949,0.76
842853,949,0.76
842853,949,0.76
842853,949,0.76
842853,949,0.76
842853,949,0.76
842853,949,0.76
842853,949,0.76
842853,949,0.76
842853,949,0.76
842853,949,0.76
842853,949,0.76
842853,949,0.76
842853,949,0.76
842853,949,0.76
842853,949,0.76
842853,949,0.76
842853,949,0.76
842853,949,0.76
842853,949,0.76
842853,949,0.76
842853,949,0.76
842853,949,0.76
842853,949,0.76
842853,949,0.76
842853,949,0.76
842853,949,0.76
842853,949,0.76
842853,949,0.76
842853,949,0.76
842853,949,0.76
842853,949,0.76
842853,949,0.76
842853,949,0.76
842853,949,0.76
842853,949,0.76
842853,949,0.76
842853,949,0.76
842853,949,0.76
842853,949,0.76
842853,949,0.76
842853,949,0.76
842853,949,0.76
842853,949,0.76
842853,949,0.76
842853,949,0.76
842853,949,0.76
842853,949,0.76
842853,949,0.76
842853,949,0.76
842853,949,0.76
842853,949,0.76
842853,949,0.76
842853,949,0.76
842853,949,0.76
842853,949,0.76
842853,949,0.76
842853,949,0.76
842853,949,0.76
842853,949,0.76
842853,949,0.76
842853,949,0.76
842853,949,0.76
842853,949,0.76
842853,949,0.76
842853,949,0.76
842853,949,0.76
842853,949,0.76
842853,949,0.76
842853,949,0.76
842853,949,0.76
842853,949,0.76
842853,949,0.76
842853,949,0.76
842853,949,0.76
842853,949,0.76
842853,949,0.76
842853,949,0.76
842853,949,0.76
842853,949,0.76
842853,949,0.76
842853,949,0.76
842853,949,0.76
842853,949,0.76
842853,949,0.76
842853,949,0.76
842853,949,0.76
842853,949,0.76
842853,949,0.76
842853,949,0.76
842853,949,0.76
842853,949,0.76
842853,949,0.76
842853,949,0.76
842853,949,0.76
842853,949,0.76
842853,949,0.76
842853,949,0.76
842853,949,0.76
842853,949,0.76
842853,949,0.76
842853,949,0.76
842853,949,0.76
842853,949,0.76
842853,949,0.76
842853,949,0.76
842853,949,0.76
842853,949,0.76
842853,949,0.76
842853,949,0.76
842853,949,0.76
842853,949,0.76
842853,949,0.76
842853,949,0.76
842853,949,0.76
842853,949,0.76
842853,949,0.76
842853,949,0.76
842853,949,0.76
842853,949,0.76
843854,944,0.76
843854,944,0.76
843854,944,0.76
843854,944,0.76
843854,944,0.76
843854,944,0.76
843854,944,0.76
843854,944,0.76
843854,944,0.76
843854,944,0.76
843854,944,0.76
843854,944,0.76
843854,944,0.76
843854,944,0.76
843854,944,0.76
843854,944,0.76
843854,944,0.76
843854,944,0.76
843854,944,0.76
843854,944,0.76
843854,944,0.76
843854,944,0.76
843854,944,0.76
843854,944,0.76
843854,944,0.76
843854,944,0.76
843854,944,0.76
843854,944,0.76
843854,944,0.76
843854,944,0.76
843854,944,0.76
843854,944,0.76
843854,944,0.76
843854,944,0.76
843854,944,0.76
843854,944,0.76
843854,944,0.76
843854,944,0.76
843854,944,0.76
843854,944,0.76
843854,944,0.76
843854,944,0.76
843854,944,0.76
843854,944,0.76
843854,944,0.76
843854,944,0.76
843854,944,0.76
843854,944,0.76
843854,944,0.76
843854,944,0.76
843854,944,0.76
843854,944,0.76
843854,944,0.76
843854,944,0.76
843854,944,0.76
843854,944,0.76
843854,944,0.76
843854,944,0.76
843854,944,0.76
843854,944,0.76
843854,944,0.76
843854,944,0.76
843854,944,0.76
843854,944,0.76
843854,944,0.76
843854,944,0.76
843854,944,0.76
843854,944,0.76
843854,944,0.76
843854,944,0.76
843854,944,0.76
843854,944,0.76
843854,944,0.76
843854,944,0.76
843854,944,0.76
843854,944,0.76
843854,944,0.76
843854,944,0.76
843854,944,0.76
843854,944,0.76
843854,944,0.76
843854,944,0.76
843854,944,0.76
843854,944,0.76
843854,944,0.76
843854,944,0.76
843854,944,0.76
843854,944,0.76
843854,944,0.76
843854,944,0.76
843854,944,0.76
843854,944,0.76
843854,944,0.76
843854,944,0.76
843854,944,0.76
843854,944,0.76
843854,944,0.76
843854,944,0.76
843854,944,0.76
843854,944,0.76
843854,944,0.76
843854,944,0.76
843854,944,0.76
843854,944,0.76
843854,944,0.76
843854,944,0.76
843854,944,0.76
843854,944,0.76
843854,944,0.76
843854,944,0.76
843854,944,0.76
843854,944,0.76
843854,944,0.76
843854,944,0.76
843854,944,0.76
843854,944,0.76
843854,944,0.76
843854,944,0.76
843854,944,0.76
843854,944,0.76
843854,944,0.76
843854,944,0.76
843854,944,0.76
843854,944,0.76
843854,944,0.76
843854,944,0.76
843854,944,0.76
843854,944,0.76
843854,944,0.76
843854,944,0.76
843854,944,0.76
843854,944,0.76
843854,944,0.76
843854,944,0.76
843854,944,0.76
843854,944,0.76
843854,944,0.76
843854,944,0.76
843854,944,0.76
843854,944,0.76
843854,944,0.76
843854,944,0.76
843854,944,0.76
843854,944,0.76
843854,944,0.76
843854,944,0.76
843854,944,0.76
843854,944,0.76
843854,944,0.76
843854,944,0.76
843854,944,0.76
843854,944,0.76
843854,944,0.76
843854,944,0.76
843854,944,0.76
843854,944,0.76
843854,944,0.76
843854,944,0.76
843854,944,0.76
843854,944,0.76
843854,944,0.76
843854,944,0.76
843854,944,0.76
843854,944,0.76
843854,944,0.76
843854,944,0.76
843854,944,0.76
843854,944,0.76
843854,944,0.76
843854,944,0.76
843854,944,0.76
843854,944,0.76
843854,944,0.76
843854,944,0.76
843854,944,0.76
843854,944,0.76
843854,944,0.76
843854,944,0.76
843854,944,0.76
843854,944,0.76
843854,944,0.76
843854,944,0.76
843854,944,0.76
843854,944,0.76
843854,944,0.76
843854,944,0.76
843854,944,0.76
843854,944,0.76
843854,944,0.76
843854,944,0.76
843854,944,0.76
843854,944,0.76
843854,944,0.76
843854,944,0.76
843854,944,0.76
843854,944,0.76
843854,944,0.76
843854,944,0.76
843854,944,0.76
843854,944,0.76
843854,944,0.76
843854,944,0.76
843854,944,0.76
843854,944,0.76
843854,944,0.76
843854,944,0.76
843854,944,0.76
843854,944,0.76
843854,944,0.76
843854,944,0.76
843854,944,0.76
843854,944,0.76
843854,944,0.76
843854,944,0.76
843854,944,0.76
843854,944,0.76
843854,944,0.76
843854,944,0.76
843854,944,0.76
843854,944,0.76
843854,944,0.76
843854,944,0.76
843854,944,0.76
843854,944,0.76
843854,944,0.76
843854,944,0.76
843854,944,0.76
843854,944,0.76
843854,944,0.76
843854,944,0.76
843854,944,0.76
843854,944,0.76
843854,944,0.76
843854,944,0.76
843854,944,0.76
843854,944,0.76
843854,944,0.76
843854,944,0.76
843854,944,0.76
843854,944,0.76
843854,944,0.76
843854,944,0.76
843854,944,0.76
843854,944,0.76
843854,944,0.76
843854,944,0.76
843854,944,0.76
843854,944,0.76
843854,944,0.76
843854,944,0.76
843854,944,0.76
843854,944,0.76
843854,944,0.76
843854,944,0.76
843854,944,0.76
843854,944,0.76
843854,944,0.76
843854,944,0.76
843854,944,0.76
843854,944,0.76
843854,944,0.76
843854,944,0.76
843854,944,0.76
843854,944,0.76
843854,944,0.76
843854,944,0.76
843854,944,0.76
843854,944,0.76
843854,944,0.76
843854,944,0.76
843854,944,0.76
843854,944,0.76
843854,944,0.76
843854,944,0.76
843854,944,0.76
843854,944,0.76
843854,944,0.76
843854,944,0.76
843854,944,0.76
843854,944,0.76
843854,944,0.76
843854,944,0.76
843854,944,0.76
843854,944,0.76
843854,944,0.76
843854,944,0.76
843854,944,0.76
843854,944,0.76
843854,944,0.76
843854,944,0.76
843854,944,0.76
843854,944,0.76
843854,944,0.76
843854,944,0.76
843854,944,0.76
843854,944,0.76
843854,944,0.76
843854,944,0.76
843854,944,0.76
843854,944,0.76
843854,944,0.76
843854,944,0.76
843854,944,0.76
843854,944,0.76
843854,944,0.76
843854,944,0.76
843854,944,0.76
843854,944,0.76
843854,944,0.76
843854,944,0.76
843854,944,0.76
843854,944,0.76
843854,944,0.76
843854,944,0.76
843854,944,0.76
843854,944,0.76
843854,944,0.76
843854,944,0.76
843854,944,0.76
843854,944,0.76
843854,944,0.76
843854,944,0.76
843854,944,0.76
843854,944,0.76
843854,944,0.76
843854,944,0.76
843854,944,0.76
843854,944,0.76
843854,944,0.76
843854,944,0.76
843854,944,0.76
843854,944,0.76
843854,944,0.76
843854,944,0.76
843854,944,0.76
843854,944,0.76
843854,944,0.76
843854,944,0.76
843854,944,0.76
843854,944,0.76
843854,944,0.76
843854,944,0.76
843854,944,0.76
843854,944,0.76
843854,944,0.76
843854,944,0.76
843854,944,0.76
843854,944,0.76
843854,944,0.76
843854,944,0.76
843854,944,0.76
843854,944,0.76
843854,944,0.76
843854,944,0.76
843854,944,0.76
843854,944,0.76
843854,944,0.76
843854,944,0.76
843854,944,0.76
843854,944,0.76
843854,944,0.76
843854,944,0.76
843854,944,0.76
843854,944,0.76
843854,944,0.76
843854,944,0.76
843854,944,0.76
843854,944,0.76
843854,944,0.76
843854,944,0.76
843854,944,0.76
843854,944,0.76
843854,944,0.76
843854,944,0.76
843854,944,0.76
843854,944,0.76
843854,944,0.76
843854,944,0.76
843854,944,0.76
843854,944,0.76
843854,944,0.76
843854,944,0.76
843854,944,0.76
843854,944,0.76
843854,944,0.76
843854,944,0.76
843854,944,0.76
843854,944,0.76
843854,944,0.76
843854,944,0.76
843854,944,0.76
843854,944,0.76
843854,944,0.76
843854,944,0.76
843854,944,0.76
843854,944,0.76
843854,944,0.76
843854,944,0.76
843854,944,0.76
843854,944,0.76
843854,944,0.76
843854,944,0.76
843854,944,0.76
843854,944,0.76
843854,944,0.76
843854,944,0.76
843854,944,0.76
843854,944,0.76
843854,944,0.76
843854,944,0.76
843854,944,0.76
843854,944,0.76
843854,944,0.76
843854,944,0.76
843854,944,0.76
843854,944,0.76
843854,944,0.76
843854,944,0.76
843854,944,0.76
843854,944,0.76
843854,944,0.76
843854,944,0.76
843854,944,0.76
843854,944,0.76
843854,944,0.76
843854,944,0.76
843854,944,0.76
843854,944,0.76
843854,944,0.76
843854,944,0.76
843854,944,0.76
843854,944,0.76
843854,944,0.76
843854,944,0.76
843854,944,0.76
843854,944,0.76
843854,944,0.76
843854,944,0.76
843854,944,0.76
843854,944,0.76
843854,944,0.76
843854,944,0.76
843854,944,0.76
843854,944,0.76
843854,944,0.76
843854,944,0.76
843854,944,0.76
843854,944,0.76
843854,944,0.76
843854,944,0.76
843854,944,0.76
843854,944,0.76
843854,944,0.76
843854,944,0.76
843854,944,0.76
843854,944,0.76
843854,944,0.76
843854,944,0.76
843854,944,0.76
843854,944,0.76
843854,944,0.76
843854,944,0.76
843854,944,0.76
843854,944,0.76
843854,944,0.76
843854,944,0.76
843854,944,0.76
843854,944,0.76
843854,944,0.76
843854,944,0.76
843854,944,0.76
843854,944,0.76
843854,944,0.76
843854,944,0.76
843854,944,0.76
843854,944,0.76
843854,944,0.76
843854,944,0.76
843854,944,0.76
843854,944,0.76
843854,944,0.76
843854,944,0.76
843854,944,0.76
843854,944,0.76
843854,944,0.76
843854,944,0.76
843854,944,0.76
843854,944,0.76
843854,944,0.76
843854,944,0.76
843854,944,0.76
843854,944,0.76
843854,944,0.76
843854,944,0.76
843854,944,0.76
843854,944,0.76
843854,944,0.76
843854,944,0.76
843854,944,0.76
843854,944,0.76
843854,944,0.76
843854,944,0.76
843854,944,0.76
843854,944,0.76
843854,944,0.76
843854,944,0.76
843854,944,0.76
843854,944,0.76
843854,944,0.76
843854,944,0.76
843854,944,0.76
843854,944,0.76
843854,944,0.76
843854,944,0.76
843854,944,0.76
843854,944,0.76
843854,944,0.76
843854,944,0.76
843854,944,0.76
843854,944,0.76
843854,944,0.76
843854,944,0.76
843854,944,0.76
843854,944,0.76
843854,944,0.76
843854,944,0.76
843854,944,0.76
843854,944,0.76
843854,944,0.76
843854,944,0.76
843854,944,0.76
843854,944,0.76
843854,944,0.76
843854,944,0.76
843854,944,0.76
843854,944,0.76
843854,944,0.76
843854,944,0.76
843854,944,0.76
843854,944,0.76
843854,944,0.76
843854,944,0.76
843854,944,0.76
843854,944,0.76
843854,944,0.76
843854,944,0.76
843854,944,0.76
843854,944,0.76
843854,944,0.76
843854,944,0.76
843854,944,0.76
843854,944,0.76
843854,944,0.76
843854,944,0.76
843854,944,0.76
843854,944,0.76
843854,944,0.76
843854,944,0.76
843854,944,0.76
843854,944,0.76
843854,944,0.76
843854,944,0.76
843854,944,0.76
843854,944,0.76
843854,944,0.76
843854,944,0.76
843854,944,0.76
843854,944,0.76
843854,944,0.76
843854,944,0.76
843854,944,0.76
843854,944,0.76
843854,944,0.76
843854,944,0.76
843854,944,0.76
843854,944,0.76
843854,944,0.76
843854,944,0.76
843854,944,0.76
843854,944,0.76
843854,944,0.76
843854,944,0.76
843854,944,0.76
843854,944,0.76
843854,944,0.76
843854,944,0.76
843854,944,0.76
843854,944,0.76
843854,944,0.76
843854,944,0.76
843854,944,0.76
843854,944,0.76
843854,944,0.76
843854,944,0.76
843854,944,0.76
843854,944,0.76
843854,944,0.76
843854,944,0.76
843854,944,0.76
843854,944,0.76
843854,944,0.76
843854,944,0.76
843854,944,0.76
843854,944,0.76
843854,944,0.76
843854,944,0.76
843854,944,0.76
843854,944,0.76
843854,944,0.76
843854,944,0.76
843854,944,0.76
843854,944,0.76
843854,944,0.76
843854,944,0.76
843854,944,0.76
843854,944,0.76
843854,944,0.76
843854,944,0.76
843854,944,0.76
843854,944,0.76
843854,944,0.76
843854,944,0.76
843854,944,0.76
843854,944,0.76
843854,944,0.76
843854,944,0.76
843854,944,0.76
843854,944,0.76
843854,944,0.76
843854,944,0.76
843854,944,0.76
843854,944,0.76
843854,944,0.76
843854,944,0.76
843854,944,0.76
843854,944,0.76
843854,944,0.76
843854,944,0.76
843854,944,0.76
843854,944,0.76
843854,944,0.76
843854,944,0.76
843854,944,0.76
843854,944,0.76
843854,944,0.76
843854,944,0.76
843854,944,0.76
843854,944,0.76
843854,944,0.76
843854,944,0.76
843854,944,0.76
843854,944,0.76
843854,944,0.76
843854,944,0.76
843854,944,0.76
843854,944,0.76
843854,944,0.76
843854,944,0.76
843854,944,0.76
843854,944,0.76
843854,944,0.76
843854,944,0.76
843854,944,0.76
843854,944,0.76
843854,944,0.76
843854,944,0.76
843854,944,0.76
843854,944,0.76
843854,944,0.76
843854,944,0.76
843854,944,0.76
843854,944,0.76
843854,944,0.76
843854,944,0.76
843854,944,0.76
843854,944,0.76
843854,944,0.76
843854,944,0.76
843854,944,0.76
843854,944,0.76
843854,944,0.76
843854,944,0.76
843854,944,0.76
843854,944,0.76
843854,944,0.76
843854,944,0.76
843854,944,0.76
843854,944,0.76
843854,944,0.76
843854,944,0.76
843854,944,0.76
843854,944,0.76
843854,944,0.76
843854,944,0.76
843854,944,0.76
843854,944,0.76
843854,944,0.76
843854,944,0.76
843854,944,0.76
843854,944,0.76
843854,944,0.76
843854,944,0.76
843854,944,0.76
843854,944,0.76
843854,944,0.76
843854,944,0.76
843854,944,0.76
843854,944,0.76
843854,944,0.76
843854,944,0.76
843854,944,0.76
843854,944,0.76
843854,944,0.76
843854,944,0.76
843854,944,0.76
843854,944,0.76
843854,944,0.76
843854,944,0.76
843854,944,0.76
843854,944,0.76
843854,944,0.76
843854,944,0.76
843854,944,0.76
843854,944,0.76
843854,944,0.76
843854,944,0.76
843854,944,0.76
843854,944,0.76
843854,944,0.76
843854,944,0.76
843854,944,0.76
843854,944,0.76
843854,944,0.76
843854,944,0.76
843854,944,0.76
843854,944,0.76
843854,944,0.76
843854,944,0.76
843854,944,0.76
843854,944,0.76
843854,944,0.76
843854,944,0.76
843854,944,0.76
843854,944,0.76
843854,944,0.76
843854,944,0.76
843854,944,0.76
843854,944,0.76
843854,944,0.76
843854,944,0.76
843854,944,0.76
843854,944,0.76
843854,944,0.76
843854,944,0.76
843854,944,0.76
843854,944,0.76
843854,944,0.76
843854,944,0.76
843854,944,0.76
843854,944,0.76
843854,944,0.76
843854,944,0.76
843854,944,0.76
843854,944,0.76
843854,944,0.76
843854,944,0.76
843854,944,0.76
843854,944,0.76
843854,944,0.76
843854,944,0.76
843854,944,0.76
843854,944,0.76
843854,944,0.76
843854,944,0.76
843854,944,0.76
843854,944,0.76
843854,944,0.76
843854,944,0.76
843854,944,0.76
843854,944,0.76
843854,944,0.76
843854,944,0.76
843854,944,0.76
843854,944,0.76
843854,944,0.76
843854,944,0.76
843854,944,0.76
843854,944,0.76
843854,944,0.76
843854,944,0.76
843854,944,0.76
843854,944,0.76
843854,944,0.76
843854,944,0.76
843854,944,0.76
843854,944,0.76
843854,944,0.76
843854,944,0.76
843854,944,0.76
843854,944,0.76
843854,944,0.76
843854,944,0.76
843854,944,0.76
843854,944,0.76
843854,944,0.76
843854,944,0.76
843854,944,0.76
843854,944,0.76
843854,944,0.76
843854,944,0.76
843854,944,0.76
843854,944,0.76
843854,944,0.76
843854,944,0.76
843854,944,0.76
843854,944,0.76
843854,944,0.76
843854,944,0.76
843854,944,0.76
843854,944,0.76
843854,944,0.76
843854,944,0.76
843854,944,0.76
843854,944,0.76
843854,944,0.76
843854,944,0.76
843854,944,0.76
843854,944,0.76
843854,944,0.76
843854,944,0.76
843854,944,0.76
843854,944,0.76
843854,944,0.76
843854,944,0.76
843854,944,0.76
843854,944,0.76
843854,944,0.76
843854,944,0.76
844855,999,0.81
845856,966,0.78
846857,950,0.77
847858,1002,0.81
848859,943,0.76
849860,962,0.78
850861,965,0.78
851862,980,0.79
852863,978,0.79
853864,978,0.79
854865,950,0.77
855866,965,0.78
856867,959,0.77
857868,970,0.78
858869,999,0.81
859870,917,0.74
860871,963,0.78
861872,951,0.77
862873,958,0.77
863874,944,0.76
864875,939,0.76
865876,962,0.78
866877,949,0.76
867878,971,0.78
868879,967,0.78
869880,956,0.77
870881,917,0.74
871882,959,0.77
872883,963,0.78
873884,937,0.76
874885,981,0.79
875886,943,0.76
876887,956,0.77
877888,989,0.80
878889,972,0.78
879890,917,0.74
880891,976,0.79
881892,960,0.77
882893,978,0.79
883894,935,0.75
884895,943,0.76
885896,943,0.76
886897,913,0.74
887898,914,0.74
888899,919,0.74
889900,976,0.79
890901,933,0.75
891902,951,0.77
892903,1013,0.82
893904,919,0.74
894905,976,0.79
895906,962,0.78
896907,923,0.74
897908,930,0.75
898909,993,0.80
899910,935,0.75
900911,995,0.80
901912,951,0.77
902913,941,0.76
903914,944,0.76
904915,866,0.70
905916,926,0.75
906917,941,0.76
907918,973,0.78
908919,960,0.77
909920,937,0.76
910921,943,0.76
911922,956,0.77
912923,907,0.73
913924,949,0.76
914925,944,0.76
915926,959,0.77
916927,962,0.78
917928,961,0.77
918929,923,0.74
919930,939,0.76
920931,967,0.78
921932,927,0.75
922933,948,0.76
